datetime,url,message
2021-05-31 18:28:00,https://www.visajobshq.com/post/python-developer-needed-in-copenhegan-denmark-work-visa-sponsorship-provided," Python Developer needed in Copenhagen work visa sponsorship provided.  Your Profile:   * BSc or MSc Computer Science or related * A solid experience as a Python Developer * You have strong communication skills and are a team player. * You are accurate and able to write solid, scalable code * You are passionate about software development  Salary range: Approximately Â£80 to Â£125k for a Senior Developer with financial background. Excellent secondary benefits.  https://www.visajobshq.com/post/python-developer-needed-in-copenhegan-denmark-work-visa-sponsorship-provided"
2021-06-03 23:44:00,https://www.linkedin.com/posts/tomiwa-adedokun-excellence_udacitysusescholars-poweredbysuse-cloud-activity-6806349358833922048-Szl6, https://www.linkedin.com/posts/tomiwa-adedokun-excellence_udacitysusescholars-poweredbysuse-cloud-activity-6806349358833922048-Szl6
2021-07-11 07:04:00,https://t.me/EnextUdemyCoupons," _*Free Udemy Course With Certification*_ â”â”â”â”â”â”â”â”â”â”â”â”â”â”â”â”â”â” âš¡24+ Udemy Free Coupons are Addedâš¡ **Note: Free Coupons May Expire Soon.** *Enroll it asap before coupon get expired* https://t.me/EnextUdemyCoupons â”â”â”â”â”â”â”â”â”â”â”â”â”â”â”â”â”â” *â– { 11 Jul Free Coupons Added } â–* *Coupons Link:-* https://e-next.in/e/udemycoupons.php  *#01* _Python and JavaScript for beginners: Build 10 Projects_  *#02* _SQLite Databases | Python Programming: (Build App and API )_  *#03* _JavaScript for beginners: Create 27 projects from scratch_  *#04* _SQL with PostgreSQL for Beginners: Analyze | Manipulate Data_  *#05* _Pandas Masterclass: Advanced Data Analysis with Pandas_  *#06* _Learn to code with Python from scratch._  *#07* _Mastering Time Series Forecasting with Python_  *#08* _Excel for beginners:( PowerPivot, PowerQuery, Macros, VBA, DAX)_  *#09* _Object-Oriented Programming â€“ Basics to Advance (Java OOP)_  *#10* _ULTIMATE SEO, SOCIAL MEDIA, & DIGITAL MARKETING COURSE 2021_  *#11* _Microsoft Excel- Excel Tables_  *#12* _Cryptocurrency Course: Learn to Make Money Online WORLDWIDE!_  *#13* _Learn HTML â€“ For Beginners_  *#14* _Learn PHP â€“ For Beginners_  *#15* _Preparing a Beginners Sales Dashboard using Excel_  *#16* _MS Excel Data Analysis, Pivot Tables and BI_  *#17* _Affinity Publisher Course for Beginners_  *#18* _Atlassian Confluence Masterclass 2021_  *#19* _Graphic Design: Side Hustle to Self-Employed_  *#20* _Graphic Design Certification â€“ Learn Graphic Design Tools_  *#21* _Learn Basics of Adobe Photoshop CC 2021 for Beginners_  *#22* _Fire Safety Management Handbook-First Edition_  *#23* _NFT for Dummies_  *#24* _Aviation Logistics in Import Export & Supply Chain of Cargo_ â”â”â”â”â”â”â”â”â”â”â”â”â”â”â”â”â”â” _*Follow Link to Join My Telegram group:*_ https://t.me/EnextUdemyCoupons â”â”â”â”â”â”â”â”â”â”â”â”â”â”â”â”â”â” _Please pass on to those who wish to avail this course._"
2021-07-11 07:04:00,https://e-next.in/e/udemycoupons.php," _*Free Udemy Course With Certification*_ â”â”â”â”â”â”â”â”â”â”â”â”â”â”â”â”â”â” âš¡24+ Udemy Free Coupons are Addedâš¡ **Note: Free Coupons May Expire Soon.** *Enroll it asap before coupon get expired* https://t.me/EnextUdemyCoupons â”â”â”â”â”â”â”â”â”â”â”â”â”â”â”â”â”â” *â– { 11 Jul Free Coupons Added } â–* *Coupons Link:-* https://e-next.in/e/udemycoupons.php  *#01* _Python and JavaScript for beginners: Build 10 Projects_  *#02* _SQLite Databases | Python Programming: (Build App and API )_  *#03* _JavaScript for beginners: Create 27 projects from scratch_  *#04* _SQL with PostgreSQL for Beginners: Analyze | Manipulate Data_  *#05* _Pandas Masterclass: Advanced Data Analysis with Pandas_  *#06* _Learn to code with Python from scratch._  *#07* _Mastering Time Series Forecasting with Python_  *#08* _Excel for beginners:( PowerPivot, PowerQuery, Macros, VBA, DAX)_  *#09* _Object-Oriented Programming â€“ Basics to Advance (Java OOP)_  *#10* _ULTIMATE SEO, SOCIAL MEDIA, & DIGITAL MARKETING COURSE 2021_  *#11* _Microsoft Excel- Excel Tables_  *#12* _Cryptocurrency Course: Learn to Make Money Online WORLDWIDE!_  *#13* _Learn HTML â€“ For Beginners_  *#14* _Learn PHP â€“ For Beginners_  *#15* _Preparing a Beginners Sales Dashboard using Excel_  *#16* _MS Excel Data Analysis, Pivot Tables and BI_  *#17* _Affinity Publisher Course for Beginners_  *#18* _Atlassian Confluence Masterclass 2021_  *#19* _Graphic Design: Side Hustle to Self-Employed_  *#20* _Graphic Design Certification â€“ Learn Graphic Design Tools_  *#21* _Learn Basics of Adobe Photoshop CC 2021 for Beginners_  *#22* _Fire Safety Management Handbook-First Edition_  *#23* _NFT for Dummies_  *#24* _Aviation Logistics in Import Export & Supply Chain of Cargo_ â”â”â”â”â”â”â”â”â”â”â”â”â”â”â”â”â”â” _*Follow Link to Join My Telegram group:*_ https://t.me/EnextUdemyCoupons â”â”â”â”â”â”â”â”â”â”â”â”â”â”â”â”â”â” _Please pass on to those who wish to avail this course._"
2021-07-12 14:08:00,https://t.me/EnextUdemyCoupons," _*Free Udemy Course With Certification*_ â”â”â”â”â”â”â”â”â”â”â”â”â”â”â”â”â”â” âš¡35+ Udemy Free Coupons are Addedâš¡ **Note: Free Coupons May Expire Soon.** *Enroll it asap before coupon get expired* https://t.me/EnextUdemyCoupons â”â”â”â”â”â”â”â”â”â”â”â”â”â”â”â”â”â” *â– { 12 Jul Free Coupons Added } â–* *Coupons Link:-* https://e-next.in/e/udemycoupons.php  *#01* _Learn how to build your own website using Wix!_  *#02* _Competitive programming using python_  *#03* _Scrum Certification Prep +Scrum Master+ Agile Scrum Training_  *#04* _Marketing Analytics: Forecasting Models with Excel_  *#05* _Predicting Diabetes on Diagnostic using Machine Learning_  *#06* _Google Slides Presentation Using Canva For Non-Designers_  *#07* _The Complete Google Slides Masterclass â€“ Master Google Slide_  *#08* _Digital Marketing Course â€“ The Sales Funnel in Marketing_  *#09* _Tensorflow with Python_  *#10* _Statistics with R â€“ Beginner Level_  *#11* _Microsoft Word Ultimate Course 2021_  *#12* _Microsoft Publisher Course_  *#13* _JavaScript Ultimate Course 2021_  *#14* _Mastering Time Series Forecasting with Python_  *#15* _ULTIMATE SEO, SOCIAL MEDIA, & DIGITAL MARKETING COURSE 2021_  *#16* _Pandas Masterclass: Advanced Data Analysis with Pandas_  *#17* _JavaScript for beginners: Create 27 projects from scratch_  *#18* _Learn to code with Python from scratch_  *#19* _Python and JavaScript for beginners: Build 10 Projects_  *#20* _SQLite Databases | Python Programming: (Build App and API )_  *#21* _Excel for beginners:( PowerPivot, PowerQuery, Macros, VBA, DAX)_  *#22* _Microsoft Excel- Excel Tables_  *#23* _How do Scrum Events work in practice?_  *#24* _How to Make Passive Income With Bitcoin Lending_  *#25* _Fundamentals of Business Finance: Learn Quick and Easy_  *#26* _Classical Physics: how to solve advanced mechanics problems_  *#27* _Biology Foundation Course,Become master in basics of biology_  *#28* _Becoming A Recruitment And Selection Specialist_  *#29* _Learn 10 Ways to Make MORE Money on YouTube!_  *#30* _Atlassian Confluence Masterclass 2021_  *#31* _NFT for Dummies_  *#32* _MASTERCLASS: â€œInversiÃ³n en Fondos Mutuosâ€_  *#33* _KeÅŸif YolculuklarÄ± Risale-i Nur EÄŸitim ProgramÄ±_  *#34* _Unreal Engine 5 Level Design ve Landscapes_  *#35* _Excel VBA Advanced â€“ Weniger Fehler durch schlaue AblÃ¤ufe_ â”â”â”â”â”â”â”â”â”â”â”â”â”â”â”â”â”â” _*Follow Link to Join My Telegram group:*_ https://t.me/EnextUdemyCoupons â”â”â”â”â”â”â”â”â”â”â”â”â”â”â”â”â”â” _Please pass on to those who wish to avail this course._"
2021-07-12 14:08:00,https://e-next.in/e/udemycoupons.php," _*Free Udemy Course With Certification*_ â”â”â”â”â”â”â”â”â”â”â”â”â”â”â”â”â”â” âš¡35+ Udemy Free Coupons are Addedâš¡ **Note: Free Coupons May Expire Soon.** *Enroll it asap before coupon get expired* https://t.me/EnextUdemyCoupons â”â”â”â”â”â”â”â”â”â”â”â”â”â”â”â”â”â” *â– { 12 Jul Free Coupons Added } â–* *Coupons Link:-* https://e-next.in/e/udemycoupons.php  *#01* _Learn how to build your own website using Wix!_  *#02* _Competitive programming using python_  *#03* _Scrum Certification Prep +Scrum Master+ Agile Scrum Training_  *#04* _Marketing Analytics: Forecasting Models with Excel_  *#05* _Predicting Diabetes on Diagnostic using Machine Learning_  *#06* _Google Slides Presentation Using Canva For Non-Designers_  *#07* _The Complete Google Slides Masterclass â€“ Master Google Slide_  *#08* _Digital Marketing Course â€“ The Sales Funnel in Marketing_  *#09* _Tensorflow with Python_  *#10* _Statistics with R â€“ Beginner Level_  *#11* _Microsoft Word Ultimate Course 2021_  *#12* _Microsoft Publisher Course_  *#13* _JavaScript Ultimate Course 2021_  *#14* _Mastering Time Series Forecasting with Python_  *#15* _ULTIMATE SEO, SOCIAL MEDIA, & DIGITAL MARKETING COURSE 2021_  *#16* _Pandas Masterclass: Advanced Data Analysis with Pandas_  *#17* _JavaScript for beginners: Create 27 projects from scratch_  *#18* _Learn to code with Python from scratch_  *#19* _Python and JavaScript for beginners: Build 10 Projects_  *#20* _SQLite Databases | Python Programming: (Build App and API )_  *#21* _Excel for beginners:( PowerPivot, PowerQuery, Macros, VBA, DAX)_  *#22* _Microsoft Excel- Excel Tables_  *#23* _How do Scrum Events work in practice?_  *#24* _How to Make Passive Income With Bitcoin Lending_  *#25* _Fundamentals of Business Finance: Learn Quick and Easy_  *#26* _Classical Physics: how to solve advanced mechanics problems_  *#27* _Biology Foundation Course,Become master in basics of biology_  *#28* _Becoming A Recruitment And Selection Specialist_  *#29* _Learn 10 Ways to Make MORE Money on YouTube!_  *#30* _Atlassian Confluence Masterclass 2021_  *#31* _NFT for Dummies_  *#32* _MASTERCLASS: â€œInversiÃ³n en Fondos Mutuosâ€_  *#33* _KeÅŸif YolculuklarÄ± Risale-i Nur EÄŸitim ProgramÄ±_  *#34* _Unreal Engine 5 Level Design ve Landscapes_  *#35* _Excel VBA Advanced â€“ Weniger Fehler durch schlaue AblÃ¤ufe_ â”â”â”â”â”â”â”â”â”â”â”â”â”â”â”â”â”â” _*Follow Link to Join My Telegram group:*_ https://t.me/EnextUdemyCoupons â”â”â”â”â”â”â”â”â”â”â”â”â”â”â”â”â”â” _Please pass on to those who wish to avail this course._"
2021-07-14 05:11:00,https://t.me/EnextUdemyCoupons," _*Free Udemy Course With Certification*_ â”â”â”â”â”â”â”â”â”â”â”â”â”â”â”â”â”â” âš¡56+ Udemy Free Coupons are Addedâš¡ **Note: Free Coupons May Expire Soon.** *Enroll it asap before coupon get expired* https://t.me/EnextUdemyCoupons â”â”â”â”â”â”â”â”â”â”â”â”â”â”â”â”â”â” *â– { 14 Jul Free Coupons Added } â–* *Coupons Link:-* https://e-next.in/e/udemycoupons.php  *#01* _Java Programming: Complete Beginner to Advanced_  *#02* _Technical Analysis Masterclass_  *#03* _AWS fundamentals quizz : prepare your certification!_  *#04* _SQL Bootcamp â€“ Hands-On Exercises â€“ SQLite â€“ Part I_  *#05* _Python Bootcamp 2021 Build 15 working Applications and Games_  *#06* _Complete JAVASCRIPT with HTML5, CSS3 Course_  *#07* _Qt 6 Core Beginners with C++_  *#08* _Qt 6 Core Intermediate with C++_  *#09* _Qt 6 Core Advanced with C++_  *#10* _Facebook Marketing & Facebook Advertising Course_  *#11* _Vue JS and Firebase:Build an iOS and Android chat app (2021)_  *#12* _React native Expo for multiplatform mobile app development_  *#13* _Complete Progressive Web App Bootcamp_  *#14* _Complete NodeJS course with express, socket io and MongoDB_  *#15* _React â€“ The Complete Guide with React Hook Redux 2021 in 4hr_  *#16* _Complete Modern JavaScript Firebase BootCamp_  *#17* _CSS course_  *#18* _Clubhouse Audio Chat App: Ft. Bre Donofrio & Matthew Rolnick_  *#19* _ISO 27001 (ISO/IEC 27001)_  *#20* _Clubhouse App â€“ Master Clubhouse for Marketing & Connecting_  *#21* _BEST of Google SEO 2021: SEO & Copywriting Made Simple & Fun_  *#22* _Design Thinking processes and Product Development strategies_  *#23* _Master GRE Prep& GMAT Prep Math through Animated Videos-2021_  *#24* _New SAT Math Course_  *#25* _Learn 4 Steps to Make Money Online with Affiliate Marketing!_  *#26* _How to sell on Instagram: marketing for online sales via DM_  *#27* _Money In Excel â€“ Income Tax Sch. C & Personal Financials_  *#28* _QuickBooks Online Multiple Currencies_  *#29* _Corporate Finance #2 Financial Ratios_  *#30* _Corporate Finance #1 Introduction & Financial Statements_  *#31* _Corporate Finance #3 Forecasting & Budgeting_  *#32* _Corporate Finance #4 Leverage & Break-Even Analysis_  *#33* _Effective Time Management Skills For A Productivity Boost_  *#34* _Beginnerâ€™s Guide To Creating Basic Logos With Free Software_  *#35* _Personal Branding Path To Top 1% Influencer Personal Brand_  *#36* _The Complete High School and College Physics_  *#37* _XSS Survival Guide_  *#38* _FFmpeg â€“ The Complete Guide_  *#39* _Business Fundamentals & Questions to Answer Before Launching_  *#40* _Projects Cost Management, Estimating, Budgeting and Control_  *#41* _39 Travel Tips to Make Your Travel More Enjoyable â€“ 1 Hour_  *#42* _Remote Work Success: Earn More â€“ Work Less â€“ Live More_  *#43* _Freelancer: 37 Ways to Make Money From Home_  *#44* _Arabic Alphabet For Beginners_  *#45* _Xamarin: Una introducciÃ³n al SDK de Microsoft_  *#46* _Universidad Visual Basic. net y SQLserver: De 0 a Experto_  *#47* _Aile-Evlilik-Ã‡ift DanÄ±ÅŸmanlÄ±ÄŸÄ± ve Ä°liÅŸki UzmanlÄ±ÄŸÄ±_  *#48* _Curso de Java (BÃ¡sico â€“ Intermedio) | Bases fundamentales_  *#49* _DÃ¼nyaca ÃœnlÃ¼ Baharat KarÄ±ÅŸÄ±mlarÄ± Ã–ÄŸrenin_  *#50* _Muskat ve Topuz BaharatlarÄ±nÄ± YakÄ±ndan TanÄ±yÄ±n_  *#51* _Karanfili YakÄ±ndan TanÄ±yÄ±n_  *#52* _Alojamiento de Sitio Web en Modo Serverless en AWS_  *#53* _IlustraciÃ³n videojuegos y Paisaje Cultural Cafetero Min Cul_  *#54* _Python para no matemÃ¡ticos: De 0 hasta reconocimiento facial_  *#55* _Sistema de asistencias en C# y SQLserver desde 0_  *#56* _Sistema de ventas Moderno con Visual Basic net y SQLserver_ â”â”â”â”â”â”â”â”â”â”â”â”â”â”â”â”â”â” _*Follow Link to Join My Telegram group:*_ https://t.me/EnextUdemyCoupons â”â”â”â”â”â”â”â”â”â”â”â”â”â”â”â”â”â” _Please pass on to those who wish to avail this course._"
2021-07-14 05:11:00,https://e-next.in/e/udemycoupons.php," _*Free Udemy Course With Certification*_ â”â”â”â”â”â”â”â”â”â”â”â”â”â”â”â”â”â” âš¡56+ Udemy Free Coupons are Addedâš¡ **Note: Free Coupons May Expire Soon.** *Enroll it asap before coupon get expired* https://t.me/EnextUdemyCoupons â”â”â”â”â”â”â”â”â”â”â”â”â”â”â”â”â”â” *â– { 14 Jul Free Coupons Added } â–* *Coupons Link:-* https://e-next.in/e/udemycoupons.php  *#01* _Java Programming: Complete Beginner to Advanced_  *#02* _Technical Analysis Masterclass_  *#03* _AWS fundamentals quizz : prepare your certification!_  *#04* _SQL Bootcamp â€“ Hands-On Exercises â€“ SQLite â€“ Part I_  *#05* _Python Bootcamp 2021 Build 15 working Applications and Games_  *#06* _Complete JAVASCRIPT with HTML5, CSS3 Course_  *#07* _Qt 6 Core Beginners with C++_  *#08* _Qt 6 Core Intermediate with C++_  *#09* _Qt 6 Core Advanced with C++_  *#10* _Facebook Marketing & Facebook Advertising Course_  *#11* _Vue JS and Firebase:Build an iOS and Android chat app (2021)_  *#12* _React native Expo for multiplatform mobile app development_  *#13* _Complete Progressive Web App Bootcamp_  *#14* _Complete NodeJS course with express, socket io and MongoDB_  *#15* _React â€“ The Complete Guide with React Hook Redux 2021 in 4hr_  *#16* _Complete Modern JavaScript Firebase BootCamp_  *#17* _CSS course_  *#18* _Clubhouse Audio Chat App: Ft. Bre Donofrio & Matthew Rolnick_  *#19* _ISO 27001 (ISO/IEC 27001)_  *#20* _Clubhouse App â€“ Master Clubhouse for Marketing & Connecting_  *#21* _BEST of Google SEO 2021: SEO & Copywriting Made Simple & Fun_  *#22* _Design Thinking processes and Product Development strategies_  *#23* _Master GRE Prep& GMAT Prep Math through Animated Videos-2021_  *#24* _New SAT Math Course_  *#25* _Learn 4 Steps to Make Money Online with Affiliate Marketing!_  *#26* _How to sell on Instagram: marketing for online sales via DM_  *#27* _Money In Excel â€“ Income Tax Sch. C & Personal Financials_  *#28* _QuickBooks Online Multiple Currencies_  *#29* _Corporate Finance #2 Financial Ratios_  *#30* _Corporate Finance #1 Introduction & Financial Statements_  *#31* _Corporate Finance #3 Forecasting & Budgeting_  *#32* _Corporate Finance #4 Leverage & Break-Even Analysis_  *#33* _Effective Time Management Skills For A Productivity Boost_  *#34* _Beginnerâ€™s Guide To Creating Basic Logos With Free Software_  *#35* _Personal Branding Path To Top 1% Influencer Personal Brand_  *#36* _The Complete High School and College Physics_  *#37* _XSS Survival Guide_  *#38* _FFmpeg â€“ The Complete Guide_  *#39* _Business Fundamentals & Questions to Answer Before Launching_  *#40* _Projects Cost Management, Estimating, Budgeting and Control_  *#41* _39 Travel Tips to Make Your Travel More Enjoyable â€“ 1 Hour_  *#42* _Remote Work Success: Earn More â€“ Work Less â€“ Live More_  *#43* _Freelancer: 37 Ways to Make Money From Home_  *#44* _Arabic Alphabet For Beginners_  *#45* _Xamarin: Una introducciÃ³n al SDK de Microsoft_  *#46* _Universidad Visual Basic. net y SQLserver: De 0 a Experto_  *#47* _Aile-Evlilik-Ã‡ift DanÄ±ÅŸmanlÄ±ÄŸÄ± ve Ä°liÅŸki UzmanlÄ±ÄŸÄ±_  *#48* _Curso de Java (BÃ¡sico â€“ Intermedio) | Bases fundamentales_  *#49* _DÃ¼nyaca ÃœnlÃ¼ Baharat KarÄ±ÅŸÄ±mlarÄ± Ã–ÄŸrenin_  *#50* _Muskat ve Topuz BaharatlarÄ±nÄ± YakÄ±ndan TanÄ±yÄ±n_  *#51* _Karanfili YakÄ±ndan TanÄ±yÄ±n_  *#52* _Alojamiento de Sitio Web en Modo Serverless en AWS_  *#53* _IlustraciÃ³n videojuegos y Paisaje Cultural Cafetero Min Cul_  *#54* _Python para no matemÃ¡ticos: De 0 hasta reconocimiento facial_  *#55* _Sistema de asistencias en C# y SQLserver desde 0_  *#56* _Sistema de ventas Moderno con Visual Basic net y SQLserver_ â”â”â”â”â”â”â”â”â”â”â”â”â”â”â”â”â”â” _*Follow Link to Join My Telegram group:*_ https://t.me/EnextUdemyCoupons â”â”â”â”â”â”â”â”â”â”â”â”â”â”â”â”â”â” _Please pass on to those who wish to avail this course._"
2021-07-24 09:05:00,https://www.wicys.org/benefits/security-training-scholarship/," Know any women considering a career in cybersecurity? Encourage them check out the Women in CyberSecurity (WiCyS) Security Training Scholarship made possible by Google, Bloomberg LP, and Facebook.  The focus of this scholarship is to award WiCyS members who are seeking cybersecurity employment within the next 1.5 years. The program is designed for students and/or career changers!  The multi-stage program includes the SANS Instituteâ€™s world class training and certifications.  Applications are due 2 August 2021. As the scholarship is for WiCyS members, this is an excellent time for aspiring cybersecurity professionals to join the organization.  We need more women in cybersecurity.   Please help spread the word!  Register as a member and apply for the scholarship using this link:  https://www.wicys.org/benefits/security-training-scholarship/"
2021-07-27 12:24:00,https://stackoverflow.com/questions/18528624/extracting-the-top-5-maximum-values-in-excel, Since the instructions said you should use Vlookup try the fix here.   https://stackoverflow.com/questions/18528624/extracting-the-top-5-maximum-values-in-excel
2021-07-27 17:02:00,https://t.me/EnextUdemyCoupons," _*Free Udemy Course With Certification*_ â”â”â”â”â”â”â”â”â”â”â”â”â”â”â”â”â”â” âš¡104+ Udemy Free Coupons are Addedâš¡ **Note: Free Coupons May Expire Soon.** *Enroll it asap before coupon get expired* https://t.me/EnextUdemyCoupons â”â”â”â”â”â”â”â”â”â”â”â”â”â”â”â”â”â” *â– { 26 Jul Free Coupons Added } â–* *Coupons Link:-* https://e-next.in/e/udemycoupons.php  *#01* _AWS Services for Solutions Architect Associate_  *#02* _Step by Step Guide for Javascript_  *#03* _Machine Learning Real World projects in Python_  *#04* _Python Bootcamp 2021 Build 15 working Applications and Games_  *#05* _Drupal For Absolute Beginners_  *#06* _Complete WordPress Website Developer Course_  *#07* _Complete Machine Learning with R Studio â€“ ML for 2021_  *#08* _Learn How To Code: Googleâ€™s Go (golang) Programming Language_  *#09* _Complete JAVASCRIPT with HTML5,CSS3 from zero to Expert-2021_  *#10* _SEO - Strategy 2021. How to rank your website #1 in Google?_  *#11* _Zero to Hero in Microsoft Excel: Complete Excel guide 2021_  *#12* _Google BigQuery & PostgreSQL : Big Query for Data Analysis_  *#13* _Python Learn by Python Projects & Python Quizzes in 2021_  *#14* _SEO â€“ Strategy 2021. How to rank your website #1 in Google?_  *#15* _Anti-Money Laundering Concepts: AML, KYC and Compliance_  *#16* _2021 Beginnerâ€™s guide to Cyber Security_  *#17* _Git and GitHub For Beginners_  *#18* _Java Programming: Complete Beginner to Advanced_  *#19* _Certified Entry Level Python Programmer (PCEP) Exam Practice_  *#20* _Complete Angular Course: Beginner to Advanced_  *#21* _Introduction To SEO Based Content Writing_  *#22* _Create Ecommerce Website In WordPress_  *#23* _Learn Microsoft Publisher 2016 Complete Course for Beginners_  *#24* _Python Learn by Python Projects & Python Quizzes in 2021_  *#25* _Sustainable Development: Business Fundamentals_  *#26* _(July 2021) Economic Analysis of â€œSalesâ€ (Oxford Diploma)_  *#27* _Adobe Premiere Pro CC Video Editing Course Beginners To Pro_  *#28* _Personal Branding Path To Top 1% Influencer Personal Brand_  *#29* _English Grammar tenses & structures_  *#30* _How to Become a Cross-Cultural Trainer_  *#31* _Financial Statements Explained_  *#32* _Stock Photography : Beginnerâ€™s Guide_  *#33* _Public Speaking Skills: Give a Great Informational Speech_  *#34* _Corporate Finance Course_  *#35* _S Corporation Income Tax â€“ Form 1120S_  *#36* _QuickBooks Online as Bank Feeds & Credit Card Feeds_  *#37* _Find your Winning Business Idea- Learn from Ubers Pitch Deck_  *#38* _Learn How to Successfully Do Business With Japan_  *#39* _Law of Attraction: Wealth Manifestation_  *#40* _Recurring Income Mastery 2021_  *#41* _NFT for Dummies_  *#42* _Affiliate Networking Mastery 2021_  *#43* _Amazon Associates Mastery 2021_  *#44* _Audiobook Marketing Mastery 2021_  *#45* _Digital Products Mastery 2021_  *#46* _Side Hustle Mastery 2021_  *#47* _Instant Affiliate Mastery 2021_  *#48* _T-Shirt Business Mastery 2021_  *#49* _Product Launch Mastery 2021_  *#50* _Ecommerce Mastery 2021_  *#51* _Make Money Online: Mindset Training + Real-Life Examples_  *#52* _Panik Atak iÃ§in pratik Ã§Ã¶zÃ¼m_  *#53* _EMDR â€“ GÃ¶z Hareketleri ile DuyarsÄ±zlaÅŸtÄ±rma ve Yeniden Ä°ÅŸlem_  *#54* _MASTERCLASS: â€œInversiÃ³n en Fondos Mutuosâ€_  *#55* _Microsoft Power BI â€“ Curso de Power BI Desktop_  *#56* _Passives Einkommen fÃ¼r Jungunternehmer_  *#57* _Hikayelerle KonuÅŸturan EÄŸlenceli Ä°ngilizce_  *#58* _ØªØ¹Ù„Ù… Ù…Ø¹Ø§Ù„Ø¬ Ø§Ù„Ù†ØµÙˆØµ & Ø§Ù„Ø¹Ø±ÙˆØ¶ Ø§Ù„ØªÙ‚Ø¯ÙŠÙ…ÙŠØ© Ù…Ù† Ø§Ù„ØµÙØ± Ù„Ù„Ø£Ø­ØªØ±Ø§Ù_  *#59* _Python For Beginners Course In-Depth_  *#60* _Linux Command Line Terminal Basic for Beginners_  *#61* _PHP for Beginners: PDO Crash Course 2021_  *#62* _The Complete JavaScript Course 2021: From Zero to Expert!_  *#63* _AWS fundamentals quizz : prepare your certification!_  *#64* _Data Analytics A-Z with Python_  *#65* _MERN Stack with Blog Project_  *#66* _The Python Bibleâ„¢ | Everything You Need to Program in Python_  *#67* _Google Analytics For Beginners_  *#68* _Complete course of making 3D motion graphics in Cinema4D_  *#69* _Bitcoin For Beginners: How To Earn Bitcoin Online For Free_  *#70* _Copywriting: Make Money From Home WRITING WORDS_  *#71* _Learn Basics Of Adobe After Effects CC 2021 for Beginners_  *#72* _Learn Basics of Adobe Photoshop CC 2021 for Beginners_ â”â”â”â”â”â”â”â”â”â”â”â”â”â”â”â”â”â” _*Follow Link to Join My Telegram group:*_ https://t.me/EnextUdemyCoupons â”â”â”â”â”â”â”â”â”â”â”â”â”â”â”â”â”â” _Please pass on to those who wish to avail this course._"
2021-07-27 17:02:00,https://e-next.in/e/udemycoupons.php," _*Free Udemy Course With Certification*_ â”â”â”â”â”â”â”â”â”â”â”â”â”â”â”â”â”â” âš¡104+ Udemy Free Coupons are Addedâš¡ **Note: Free Coupons May Expire Soon.** *Enroll it asap before coupon get expired* https://t.me/EnextUdemyCoupons â”â”â”â”â”â”â”â”â”â”â”â”â”â”â”â”â”â” *â– { 26 Jul Free Coupons Added } â–* *Coupons Link:-* https://e-next.in/e/udemycoupons.php  *#01* _AWS Services for Solutions Architect Associate_  *#02* _Step by Step Guide for Javascript_  *#03* _Machine Learning Real World projects in Python_  *#04* _Python Bootcamp 2021 Build 15 working Applications and Games_  *#05* _Drupal For Absolute Beginners_  *#06* _Complete WordPress Website Developer Course_  *#07* _Complete Machine Learning with R Studio â€“ ML for 2021_  *#08* _Learn How To Code: Googleâ€™s Go (golang) Programming Language_  *#09* _Complete JAVASCRIPT with HTML5,CSS3 from zero to Expert-2021_  *#10* _SEO - Strategy 2021. How to rank your website #1 in Google?_  *#11* _Zero to Hero in Microsoft Excel: Complete Excel guide 2021_  *#12* _Google BigQuery & PostgreSQL : Big Query for Data Analysis_  *#13* _Python Learn by Python Projects & Python Quizzes in 2021_  *#14* _SEO â€“ Strategy 2021. How to rank your website #1 in Google?_  *#15* _Anti-Money Laundering Concepts: AML, KYC and Compliance_  *#16* _2021 Beginnerâ€™s guide to Cyber Security_  *#17* _Git and GitHub For Beginners_  *#18* _Java Programming: Complete Beginner to Advanced_  *#19* _Certified Entry Level Python Programmer (PCEP) Exam Practice_  *#20* _Complete Angular Course: Beginner to Advanced_  *#21* _Introduction To SEO Based Content Writing_  *#22* _Create Ecommerce Website In WordPress_  *#23* _Learn Microsoft Publisher 2016 Complete Course for Beginners_  *#24* _Python Learn by Python Projects & Python Quizzes in 2021_  *#25* _Sustainable Development: Business Fundamentals_  *#26* _(July 2021) Economic Analysis of â€œSalesâ€ (Oxford Diploma)_  *#27* _Adobe Premiere Pro CC Video Editing Course Beginners To Pro_  *#28* _Personal Branding Path To Top 1% Influencer Personal Brand_  *#29* _English Grammar tenses & structures_  *#30* _How to Become a Cross-Cultural Trainer_  *#31* _Financial Statements Explained_  *#32* _Stock Photography : Beginnerâ€™s Guide_  *#33* _Public Speaking Skills: Give a Great Informational Speech_  *#34* _Corporate Finance Course_  *#35* _S Corporation Income Tax â€“ Form 1120S_  *#36* _QuickBooks Online as Bank Feeds & Credit Card Feeds_  *#37* _Find your Winning Business Idea- Learn from Ubers Pitch Deck_  *#38* _Learn How to Successfully Do Business With Japan_  *#39* _Law of Attraction: Wealth Manifestation_  *#40* _Recurring Income Mastery 2021_  *#41* _NFT for Dummies_  *#42* _Affiliate Networking Mastery 2021_  *#43* _Amazon Associates Mastery 2021_  *#44* _Audiobook Marketing Mastery 2021_  *#45* _Digital Products Mastery 2021_  *#46* _Side Hustle Mastery 2021_  *#47* _Instant Affiliate Mastery 2021_  *#48* _T-Shirt Business Mastery 2021_  *#49* _Product Launch Mastery 2021_  *#50* _Ecommerce Mastery 2021_  *#51* _Make Money Online: Mindset Training + Real-Life Examples_  *#52* _Panik Atak iÃ§in pratik Ã§Ã¶zÃ¼m_  *#53* _EMDR â€“ GÃ¶z Hareketleri ile DuyarsÄ±zlaÅŸtÄ±rma ve Yeniden Ä°ÅŸlem_  *#54* _MASTERCLASS: â€œInversiÃ³n en Fondos Mutuosâ€_  *#55* _Microsoft Power BI â€“ Curso de Power BI Desktop_  *#56* _Passives Einkommen fÃ¼r Jungunternehmer_  *#57* _Hikayelerle KonuÅŸturan EÄŸlenceli Ä°ngilizce_  *#58* _ØªØ¹Ù„Ù… Ù…Ø¹Ø§Ù„Ø¬ Ø§Ù„Ù†ØµÙˆØµ & Ø§Ù„Ø¹Ø±ÙˆØ¶ Ø§Ù„ØªÙ‚Ø¯ÙŠÙ…ÙŠØ© Ù…Ù† Ø§Ù„ØµÙØ± Ù„Ù„Ø£Ø­ØªØ±Ø§Ù_  *#59* _Python For Beginners Course In-Depth_  *#60* _Linux Command Line Terminal Basic for Beginners_  *#61* _PHP for Beginners: PDO Crash Course 2021_  *#62* _The Complete JavaScript Course 2021: From Zero to Expert!_  *#63* _AWS fundamentals quizz : prepare your certification!_  *#64* _Data Analytics A-Z with Python_  *#65* _MERN Stack with Blog Project_  *#66* _The Python Bibleâ„¢ | Everything You Need to Program in Python_  *#67* _Google Analytics For Beginners_  *#68* _Complete course of making 3D motion graphics in Cinema4D_  *#69* _Bitcoin For Beginners: How To Earn Bitcoin Online For Free_  *#70* _Copywriting: Make Money From Home WRITING WORDS_  *#71* _Learn Basics Of Adobe After Effects CC 2021 for Beginners_  *#72* _Learn Basics of Adobe Photoshop CC 2021 for Beginners_ â”â”â”â”â”â”â”â”â”â”â”â”â”â”â”â”â”â” _*Follow Link to Join My Telegram group:*_ https://t.me/EnextUdemyCoupons â”â”â”â”â”â”â”â”â”â”â”â”â”â”â”â”â”â” _Please pass on to those who wish to avail this course._"
2021-07-27 23:10:00,https://exceloffthegrid.com/creating-a-top-10-using-formulas/, https://exceloffthegrid.com/creating-a-top-10-using-formulas/  Check this
2021-08-17 19:01:00,https://www.linkedin.com/posts/genesis-analytics_why-we-work-in-the-centre-of-digital-excellence-activity-6831934597874388992-nouQ, https://www.linkedin.com/posts/genesis-analytics_why-we-work-in-the-centre-of-digital-excellence-activity-6831934597874388992-nouQ
2021-08-25 14:37:00,https://lnkd.in/dUZFPhf," https://lnkd.in/dUZFPhf  *Tutors needed* Location: Lagos (all locations close to you), Rivers State, Ogun, Oyo, FCT/Abuja etc  Skills/subject: Bead making, music, programming, data analytics, Physics, Mathematics, SQL, Chemistry, MS Excel etc.  Are you a fresh graduate or you know someone who is a fresh graduate and seeking a job opportunity? *You can make millions from this teaching offer (during your free times) once you build a nice profile and clients begin to trust you and get satisfaction from your work.*  *Link to register* ğŸ‘‰ https://lnkd.in/dUZFPhf"
2021-09-22 12:55:00,https://www.linkedin.com/posts/tomiwa-adedokun-excellence_graduation-certificate-activity-6846408068972982272-ulHm, https://www.linkedin.com/posts/tomiwa-adedokun-excellence_graduation-certificate-activity-6846408068972982272-ulHm
2021-09-28 12:35:00,https://forms.office.com/r/eZ8JCeTiHY," *Company* Bytes   *Job description* Google Cloud Solutions Architect   *Requirements* - Bachelors in engineering, or equivalent 3 to 5 years of demonstrated experience deploying and supporting public cloud Infrastructure (GCP as primary) with hybrid cloud environments  - Ability to manage many cases simultaneously, prioritizing appropriately Manage the cloud infrastructure environment through cross technology administration (OS , Storage, virtual networks, load balancers, IAM, policies) , execution of scripting and monitoring automations.  - Manage the environment incidents with a focus on service restoration. Experience with Cloud IaaS & DevOps Platforms like Terraform, Automation or equivalent technology  - Ability to communicate with customers, developers, and other disciplines of systems administration  - Periodic 24x7 on-call availability   *Job Requirements* - Experience with public cloud infrastructures, Google Cloud IaaS services Google Cloud Professional (GCP), Microsoft Azure or other public cloud provider Certifications in any of the following: GCP Certified Associate Engineer, GCP Certified Solutions Architect, MCSA Cloud Platform, MCSA Azure Solutions Architect or equivalent cloud certification  - Hands on Experience and understanding of Google Cloud Infrastructure, primarily on IaaS model  - Experience with any of the Configuration Management (Cloud shell, Jenkins, Ansible)  - Experience with Cloud Formation Templates, Terraform, etc.  - Hands on Experience with GCP Foundation, Storage bucket, Backup, Disaster Recovery, VPC networks, IAM, Stack driver, troubleshooting and Cloud Security.  - Experience with managed code or scripting competency (PowerShell, Python, JSON, and YML)  - Understand the requirement & Plan/Design/Execute new strategy/projects in GCP  - Experience with continuous Cost Optimization in GCP  - Knowledge/Experience with GCP PaaS services  - Hands on Experience in managing on premise and public cloud infrastructure in a hybrid environment.  - Participate in Sev1, Sev2 incident calls, work with Team towards resolving the issues on premise (DC) and in Google Cloud  - Excellent communication skills  - Self-disciplined and highly motivated   *Location:* (Egbeda, Lagos, Nigeria) Onsite and Remote.  *Apply here:* https://forms.office.com/r/eZ8JCeTiHY  Submit CV to kayodeojo@bytesedu.com.ng  https://www.linkedin.com/jobs/view/2729654043/"
2021-09-28 12:35:00,https://www.linkedin.com/jobs/view/2729654043/," *Company* Bytes   *Job description* Google Cloud Solutions Architect   *Requirements* - Bachelors in engineering, or equivalent 3 to 5 years of demonstrated experience deploying and supporting public cloud Infrastructure (GCP as primary) with hybrid cloud environments  - Ability to manage many cases simultaneously, prioritizing appropriately Manage the cloud infrastructure environment through cross technology administration (OS , Storage, virtual networks, load balancers, IAM, policies) , execution of scripting and monitoring automations.  - Manage the environment incidents with a focus on service restoration. Experience with Cloud IaaS & DevOps Platforms like Terraform, Automation or equivalent technology  - Ability to communicate with customers, developers, and other disciplines of systems administration  - Periodic 24x7 on-call availability   *Job Requirements* - Experience with public cloud infrastructures, Google Cloud IaaS services Google Cloud Professional (GCP), Microsoft Azure or other public cloud provider Certifications in any of the following: GCP Certified Associate Engineer, GCP Certified Solutions Architect, MCSA Cloud Platform, MCSA Azure Solutions Architect or equivalent cloud certification  - Hands on Experience and understanding of Google Cloud Infrastructure, primarily on IaaS model  - Experience with any of the Configuration Management (Cloud shell, Jenkins, Ansible)  - Experience with Cloud Formation Templates, Terraform, etc.  - Hands on Experience with GCP Foundation, Storage bucket, Backup, Disaster Recovery, VPC networks, IAM, Stack driver, troubleshooting and Cloud Security.  - Experience with managed code or scripting competency (PowerShell, Python, JSON, and YML)  - Understand the requirement & Plan/Design/Execute new strategy/projects in GCP  - Experience with continuous Cost Optimization in GCP  - Knowledge/Experience with GCP PaaS services  - Hands on Experience in managing on premise and public cloud infrastructure in a hybrid environment.  - Participate in Sev1, Sev2 incident calls, work with Team towards resolving the issues on premise (DC) and in Google Cloud  - Excellent communication skills  - Self-disciplined and highly motivated   *Location:* (Egbeda, Lagos, Nigeria) Onsite and Remote.  *Apply here:* https://forms.office.com/r/eZ8JCeTiHY  Submit CV to kayodeojo@bytesedu.com.ng  https://www.linkedin.com/jobs/view/2729654043/"
2021-10-07 09:37:00,https://wa.me/+2349097293363, Are good with Excel and maybe a little of PowerBI?  Itâ€™s on-site o.  Send your CV to   https://wa.me/+2349097293363
2021-12-03 19:33:00,https://forms.gle/hBWrt7GQrEZ9A7c86," Data Analyst   Opay is currently recruiting for the roles of Data Analyst   Locations: Lagos.  For Opay Highly recommended company  Requirement  - First Degree in Computer Science, Statistics, Mathematics, Economics, Engineering or any other quantitative    field. - 3+ years of experience in Data Analysis. - Excellent knowledge of MS Excel; lookup, pivot table, amongst other formulas. - Knowledge of Power Bi, data modelling. - Good business acumen. - Strong research and data analysis skills. Ability to work in fast paced environment. - Be consistent - yet innovative. Have the desire to understand, follow and improve processes - Strong communication and presentation skills. - Great attention to detail.  Job description for Data Analyst  1. Recruit, train and supervise staff. 2.Be responsible for Market Research and Analysis 3.Work with technical team to Expand and manage the distribution and merchant network on the mobile money platform. 4. Liaise and support the technical team to manage the platform performance, upgrades and other modifications. 5.Provide Business Operation Consultant Service to POS field staff.  Salary: N 200,000  Apply via Link below  https://forms.gle/hBWrt7GQrEZ9A7c86"
