url,timestamp,message
https://twitter.com/Twickta/status/1251518036198273024?s=20,18/04/2020  22:29 ," EK (@Twickta) Tweeted: Everyone seems to be so focused on data analytics and data science these days.  However, if you're looking to upskill, consider a move to Cloud Computing. There are more positions than skilled professionals available   You won't regret it https://twitter.com/Twickta/status/1251518036198273024?s=20"
http://bit.ly/Ladies-Like-AI-webinar,25/05/2020  12:33 ," *We are excited to host our Ladies in AI meet-up online!* Donâ€™t miss this special mentoring, networking and best practice sharing time with awesome and inspiring female professionals who practice Artificial Intelligence, Data Analytics, Data Science and Data for management/business decisions at scale.  They are not the online hypesâ€¦they practice and drive business impact where they work!  Join us this Thursday May 28 at 5pm (GMT+1) Data Science Nigeria will gift *free internet data grant for 50 female students* to join the session. This will be needs based for those with limited or no access to internet because of the current lockdown of schools. Register now at http://bit.ly/Ladies-Like-AI-webinar"
https://link.medium.com/LiAHiMbd96,08/06/2020  11:10 , IDAF just published an article I wrote a while ago: â€œA Statistical Comparison of Logistic Regression and NaÃ¯ve Bayes Classification Models Using 10 â€”â€¦â€ by Information and Data Analytics Foundation https://link.medium.com/LiAHiMbd96
https://leaps.analyttica.com/home?auth_modal=true&register=true&referral=ymXcz3,21/06/2020  13:10 ," I just got this info from my colleagues in India. *ATH Leaps analyttica* is offering courses on data science for *FREE*.  They're offering courses ranging from introductory data analytics, Machine learning algorithms e.g Linear and logistic regression,  Time series analysis, statistics for data science, etc.  All for *Free!!!* ,and what's more exciting? It comes with a *verified certificate* and also Hands-on exercises which you can include as your experience in the field of datascience.   Here's the link to register : https://leaps.analyttica.com/home?auth_modal=true&register=true&referral=ymXcz3"
https://www.pwc.com/ng/en/careers/vacancies.html?utm_source=hootsuite&utm_medium=linkedin&utm_term=&utm_content=ccefe34e-811d-4708-8b3c-d1daed88c848&utm_campaign=socialmedia,16/07/2020  22:40 , https://www.pwc.com/ng/en/careers/vacancies.html?utm_source=hootsuite&utm_medium=linkedin&utm_term=&utm_content=ccefe34e-811d-4708-8b3c-d1daed88c848&utm_campaign=socialmedia   Data Analytics PwC  Shoot your shot
https://t.co/jeQiGNnkVl,12/08/2020  14:11 ," Google announces Â three new onlineÂ certificate programsÂ in data analytics project management and user experience design offered through the online learning platform Coursera.   https://t.co/jeQiGNnkVl  When looking at qualifications for jobs at Google, weâ€™ll consider Google Career Certificates as the equivalent of a four-year college degree.  Plus, we will offer hundreds of apprenticeship opportunities at Google for certificate completers â†’   https://t.co/t63Z3HxvFU   #Momentswithbren  #Learnwithbren  #scholarships  #fellowships"
https://t.co/t63Z3HxvFU,12/08/2020  14:11 ," Google announces Â three new onlineÂ certificate programsÂ in data analytics project management and user experience design offered through the online learning platform Coursera.   https://t.co/jeQiGNnkVl  When looking at qualifications for jobs at Google, weâ€™ll consider Google Career Certificates as the equivalent of a four-year college degree.  Plus, we will offer hundreds of apprenticeship opportunities at Google for certificate completers â†’   https://t.co/t63Z3HxvFU   #Momentswithbren  #Learnwithbren  #scholarships  #fellowships"
https://www.kdnuggets.com/2020/08/top-10-lists-data-science.html,14/08/2020  16:24 ," Recently I made a LinkedIn post on Top 10 of 10s for Data Science and it got quite a large number of engagements and also got the attention of the President of KDNugget Gregory Piatetsky who is a Data Science Expert and Influencer on LinkedIn. He reached out to me and told me to make a full blog post on the topic and this is now published on KDNugget.  This is the link to the Blog Post: https://www.kdnuggets.com/2020/08/top-10-lists-data-science.html  If you wish to kickstart a career in Data Science or Data Analytics then you shouldnâ€™t miss this post. Also, the blog post consist of the most anticipated Part 2 of my previous post."
http://www.covenworks.com/datavilt,23/08/2020  18:28 ," Register  for the 3Day Data Science class at @covenlabs focusing on Data Analytics for Financial Services Health Care and Agriculture.  â€”- Registration is free, program runs 3 hours a Day for 3Days (26th-28th August) and registration will close on Monday night.  â€”- Hurry now. http://www.covenworks.com/datavilt  â€”- #powerBI #Data #dataanalytics #Ai"
http://bit.ly/c4e-Intermediate,24/09/2020  12:13 ," AfDB launches Intermediate skills training courses of the coding for employment program in collaboration with its implementing partner McAnderson Institute of Technology and Microsoft. The training program will leverage on Pluralsight learning content.  Calling on all young persons in Nigeria who desire to take their digital skills to a point of relevance to register in one of our 4 specializations - Product Design; Frontend Development; Data Analytics; or IT Support/Azure Administrator.  The program is free, intensive, offers project based-learning, and 3 months' access to Pluralsight.  Click here ğŸ‘‰ http://bit.ly/c4e-Intermediate  ğŸ‘ˆ to register today. Limited seats available and Females are encouraged to apply.  Registration ends on Friday, 25 September, 2020.  For more information: @McAndersonNG"
https://t.co/m1bqgoFKJq,23/03/2021  14:42 , 14 graduate research opportunities in Data Analytics and Society- Deadline is April 9.    https://t.co/m1bqgoFKJq
https://pwcng-graduate.erecruit.co/candidateapp/Jobs/View/PWC210401-1,06/04/2021  12:38 , https://pwcng-graduate.erecruit.co/candidateapp/Jobs/View/PWC210401-1   *Data Analytics sit under Assurance*
https://www.techcracked.com/2021/06/alteryx-masterclass-for-data-analytics.html,02/06/2021  07:18 , Alteryx Masterclass for Data Analytics ETL and Reporting  ğŸ”¥ ENROLL FAST FREE FOR LIMITED TIME â­ BEST SELLER  Alteryx bootcamp for Analytics Automation and ETL. Perform data analysis & create reports using Alteryx Designer  Share to help us ğŸ˜˜ @udemyforu  ğŸ”—Course Link :  https://www.techcracked.com/2021/06/alteryx-masterclass-for-data-analytics.html  ğŸ“ŠOfficial Website :  www.techcracked.com
https://docs.google.com/forms/d/e/1FAIpQLSfgi0e2BZf4H6zeioe_BaQ0RB-X1pbwqYNS7MhaLF24SLgrnw/viewform?usp=sf_link,26/07/2021  13:48 ," Femme Politics is a social action project that empowers young African women leaders.  Femme Politics is offering scholarships to fund the completion of Google Career Certificates in Project Management, Data Analytics and UX Design. This opportunity is open to both young women who are in these fields and young women who are planning to enter these fields.  Register here: https://docs.google.com/forms/d/e/1FAIpQLSfgi0e2BZf4H6zeioe_BaQ0RB-X1pbwqYNS7MhaLF24SLgrnw/viewform?usp=sf_link"
https://t.me/EnextUdemyCoupons,27/07/2021  17:02 ," _*Free Udemy Course With Certification*_ â”â”â”â”â”â”â”â”â”â”â”â”â”â”â”â”â”â” âš¡104+ Udemy Free Coupons are Addedâš¡ **Note: Free Coupons May Expire Soon.** *Enroll it asap before coupon get expired* https://t.me/EnextUdemyCoupons â”â”â”â”â”â”â”â”â”â”â”â”â”â”â”â”â”â” *â– { 26 Jul Free Coupons Added } â–* *Coupons Link:-* https://e-next.in/e/udemycoupons.php  *#01* _AWS Services for Solutions Architect Associate_  *#02* _Step by Step Guide for Javascript_  *#03* _Machine Learning Real World projects in Python_  *#04* _Python Bootcamp 2021 Build 15 working Applications and Games_  *#05* _Drupal For Absolute Beginners_  *#06* _Complete WordPress Website Developer Course_  *#07* _Complete Machine Learning with R Studio â€“ ML for 2021_  *#08* _Learn How To Code: Googleâ€™s Go (golang) Programming Language_  *#09* _Complete JAVASCRIPT with HTML5,CSS3 from zero to Expert-2021_  *#10* _SEO - Strategy 2021. How to rank your website #1 in Google?_  *#11* _Zero to Hero in Microsoft Excel: Complete Excel guide 2021_  *#12* _Google BigQuery & PostgreSQL : Big Query for Data Analysis_  *#13* _Python Learn by Python Projects & Python Quizzes in 2021_  *#14* _SEO â€“ Strategy 2021. How to rank your website #1 in Google?_  *#15* _Anti-Money Laundering Concepts: AML, KYC and Compliance_  *#16* _2021 Beginnerâ€™s guide to Cyber Security_  *#17* _Git and GitHub For Beginners_  *#18* _Java Programming: Complete Beginner to Advanced_  *#19* _Certified Entry Level Python Programmer (PCEP) Exam Practice_  *#20* _Complete Angular Course: Beginner to Advanced_  *#21* _Introduction To SEO Based Content Writing_  *#22* _Create Ecommerce Website In WordPress_  *#23* _Learn Microsoft Publisher 2016 Complete Course for Beginners_  *#24* _Python Learn by Python Projects & Python Quizzes in 2021_  *#25* _Sustainable Development: Business Fundamentals_  *#26* _(July 2021) Economic Analysis of â€œSalesâ€ (Oxford Diploma)_  *#27* _Adobe Premiere Pro CC Video Editing Course Beginners To Pro_  *#28* _Personal Branding Path To Top 1% Influencer Personal Brand_  *#29* _English Grammar tenses & structures_  *#30* _How to Become a Cross-Cultural Trainer_  *#31* _Financial Statements Explained_  *#32* _Stock Photography : Beginnerâ€™s Guide_  *#33* _Public Speaking Skills: Give a Great Informational Speech_  *#34* _Corporate Finance Course_  *#35* _S Corporation Income Tax â€“ Form 1120S_  *#36* _QuickBooks Online as Bank Feeds & Credit Card Feeds_  *#37* _Find your Winning Business Idea- Learn from Ubers Pitch Deck_  *#38* _Learn How to Successfully Do Business With Japan_  *#39* _Law of Attraction: Wealth Manifestation_  *#40* _Recurring Income Mastery 2021_  *#41* _NFT for Dummies_  *#42* _Affiliate Networking Mastery 2021_  *#43* _Amazon Associates Mastery 2021_  *#44* _Audiobook Marketing Mastery 2021_  *#45* _Digital Products Mastery 2021_  *#46* _Side Hustle Mastery 2021_  *#47* _Instant Affiliate Mastery 2021_  *#48* _T-Shirt Business Mastery 2021_  *#49* _Product Launch Mastery 2021_  *#50* _Ecommerce Mastery 2021_  *#51* _Make Money Online: Mindset Training + Real-Life Examples_  *#52* _Panik Atak iÃ§in pratik Ã§Ã¶zÃ¼m_  *#53* _EMDR â€“ GÃ¶z Hareketleri ile DuyarsÄ±zlaÅŸtÄ±rma ve Yeniden Ä°ÅŸlem_  *#54* _MASTERCLASS: â€œInversiÃ³n en Fondos Mutuosâ€_  *#55* _Microsoft Power BI â€“ Curso de Power BI Desktop_  *#56* _Passives Einkommen fÃ¼r Jungunternehmer_  *#57* _Hikayelerle KonuÅŸturan EÄŸlenceli Ä°ngilizce_  *#58* _ØªØ¹Ù„Ù… Ù…Ø¹Ø§Ù„Ø¬ Ø§Ù„Ù†ØµÙˆØµ & Ø§Ù„Ø¹Ø±ÙˆØ¶ Ø§Ù„ØªÙ‚Ø¯ÙŠÙ…ÙŠØ© Ù…Ù† Ø§Ù„ØµÙØ± Ù„Ù„Ø£Ø­ØªØ±Ø§Ù_  *#59* _Python For Beginners Course In-Depth_  *#60* _Linux Command Line Terminal Basic for Beginners_  *#61* _PHP for Beginners: PDO Crash Course 2021_  *#62* _The Complete JavaScript Course 2021: From Zero to Expert!_  *#63* _AWS fundamentals quizz : prepare your certification!_  *#64* _Data Analytics A-Z with Python_  *#65* _MERN Stack with Blog Project_  *#66* _The Python Bibleâ„¢ | Everything You Need to Program in Python_  *#67* _Google Analytics For Beginners_  *#68* _Complete course of making 3D motion graphics in Cinema4D_  *#69* _Bitcoin For Beginners: How To Earn Bitcoin Online For Free_  *#70* _Copywriting: Make Money From Home WRITING WORDS_  *#71* _Learn Basics Of Adobe After Effects CC 2021 for Beginners_  *#72* _Learn Basics of Adobe Photoshop CC 2021 for Beginners_ â”â”â”â”â”â”â”â”â”â”â”â”â”â”â”â”â”â” _*Follow Link to Join My Telegram group:*_ https://t.me/EnextUdemyCoupons â”â”â”â”â”â”â”â”â”â”â”â”â”â”â”â”â”â” _Please pass on to those who wish to avail this course._"
https://e-next.in/e/udemycoupons.php,27/07/2021  17:02 ," _*Free Udemy Course With Certification*_ â”â”â”â”â”â”â”â”â”â”â”â”â”â”â”â”â”â” âš¡104+ Udemy Free Coupons are Addedâš¡ **Note: Free Coupons May Expire Soon.** *Enroll it asap before coupon get expired* https://t.me/EnextUdemyCoupons â”â”â”â”â”â”â”â”â”â”â”â”â”â”â”â”â”â” *â– { 26 Jul Free Coupons Added } â–* *Coupons Link:-* https://e-next.in/e/udemycoupons.php  *#01* _AWS Services for Solutions Architect Associate_  *#02* _Step by Step Guide for Javascript_  *#03* _Machine Learning Real World projects in Python_  *#04* _Python Bootcamp 2021 Build 15 working Applications and Games_  *#05* _Drupal For Absolute Beginners_  *#06* _Complete WordPress Website Developer Course_  *#07* _Complete Machine Learning with R Studio â€“ ML for 2021_  *#08* _Learn How To Code: Googleâ€™s Go (golang) Programming Language_  *#09* _Complete JAVASCRIPT with HTML5,CSS3 from zero to Expert-2021_  *#10* _SEO - Strategy 2021. How to rank your website #1 in Google?_  *#11* _Zero to Hero in Microsoft Excel: Complete Excel guide 2021_  *#12* _Google BigQuery & PostgreSQL : Big Query for Data Analysis_  *#13* _Python Learn by Python Projects & Python Quizzes in 2021_  *#14* _SEO â€“ Strategy 2021. How to rank your website #1 in Google?_  *#15* _Anti-Money Laundering Concepts: AML, KYC and Compliance_  *#16* _2021 Beginnerâ€™s guide to Cyber Security_  *#17* _Git and GitHub For Beginners_  *#18* _Java Programming: Complete Beginner to Advanced_  *#19* _Certified Entry Level Python Programmer (PCEP) Exam Practice_  *#20* _Complete Angular Course: Beginner to Advanced_  *#21* _Introduction To SEO Based Content Writing_  *#22* _Create Ecommerce Website In WordPress_  *#23* _Learn Microsoft Publisher 2016 Complete Course for Beginners_  *#24* _Python Learn by Python Projects & Python Quizzes in 2021_  *#25* _Sustainable Development: Business Fundamentals_  *#26* _(July 2021) Economic Analysis of â€œSalesâ€ (Oxford Diploma)_  *#27* _Adobe Premiere Pro CC Video Editing Course Beginners To Pro_  *#28* _Personal Branding Path To Top 1% Influencer Personal Brand_  *#29* _English Grammar tenses & structures_  *#30* _How to Become a Cross-Cultural Trainer_  *#31* _Financial Statements Explained_  *#32* _Stock Photography : Beginnerâ€™s Guide_  *#33* _Public Speaking Skills: Give a Great Informational Speech_  *#34* _Corporate Finance Course_  *#35* _S Corporation Income Tax â€“ Form 1120S_  *#36* _QuickBooks Online as Bank Feeds & Credit Card Feeds_  *#37* _Find your Winning Business Idea- Learn from Ubers Pitch Deck_  *#38* _Learn How to Successfully Do Business With Japan_  *#39* _Law of Attraction: Wealth Manifestation_  *#40* _Recurring Income Mastery 2021_  *#41* _NFT for Dummies_  *#42* _Affiliate Networking Mastery 2021_  *#43* _Amazon Associates Mastery 2021_  *#44* _Audiobook Marketing Mastery 2021_  *#45* _Digital Products Mastery 2021_  *#46* _Side Hustle Mastery 2021_  *#47* _Instant Affiliate Mastery 2021_  *#48* _T-Shirt Business Mastery 2021_  *#49* _Product Launch Mastery 2021_  *#50* _Ecommerce Mastery 2021_  *#51* _Make Money Online: Mindset Training + Real-Life Examples_  *#52* _Panik Atak iÃ§in pratik Ã§Ã¶zÃ¼m_  *#53* _EMDR â€“ GÃ¶z Hareketleri ile DuyarsÄ±zlaÅŸtÄ±rma ve Yeniden Ä°ÅŸlem_  *#54* _MASTERCLASS: â€œInversiÃ³n en Fondos Mutuosâ€_  *#55* _Microsoft Power BI â€“ Curso de Power BI Desktop_  *#56* _Passives Einkommen fÃ¼r Jungunternehmer_  *#57* _Hikayelerle KonuÅŸturan EÄŸlenceli Ä°ngilizce_  *#58* _ØªØ¹Ù„Ù… Ù…Ø¹Ø§Ù„Ø¬ Ø§Ù„Ù†ØµÙˆØµ & Ø§Ù„Ø¹Ø±ÙˆØ¶ Ø§Ù„ØªÙ‚Ø¯ÙŠÙ…ÙŠØ© Ù…Ù† Ø§Ù„ØµÙØ± Ù„Ù„Ø£Ø­ØªØ±Ø§Ù_  *#59* _Python For Beginners Course In-Depth_  *#60* _Linux Command Line Terminal Basic for Beginners_  *#61* _PHP for Beginners: PDO Crash Course 2021_  *#62* _The Complete JavaScript Course 2021: From Zero to Expert!_  *#63* _AWS fundamentals quizz : prepare your certification!_  *#64* _Data Analytics A-Z with Python_  *#65* _MERN Stack with Blog Project_  *#66* _The Python Bibleâ„¢ | Everything You Need to Program in Python_  *#67* _Google Analytics For Beginners_  *#68* _Complete course of making 3D motion graphics in Cinema4D_  *#69* _Bitcoin For Beginners: How To Earn Bitcoin Online For Free_  *#70* _Copywriting: Make Money From Home WRITING WORDS_  *#71* _Learn Basics Of Adobe After Effects CC 2021 for Beginners_  *#72* _Learn Basics of Adobe Photoshop CC 2021 for Beginners_ â”â”â”â”â”â”â”â”â”â”â”â”â”â”â”â”â”â” _*Follow Link to Join My Telegram group:*_ https://t.me/EnextUdemyCoupons â”â”â”â”â”â”â”â”â”â”â”â”â”â”â”â”â”â” _Please pass on to those who wish to avail this course._"
https://t.me/EnextUdemyCoupons,27/07/2021  17:02 ," _*Free Udemy Course With Certification*_ â”â”â”â”â”â”â”â”â”â”â”â”â”â”â”â”â”â” âš¡104+ Udemy Free Coupons are Addedâš¡ **Note: Free Coupons May Expire Soon.** *Enroll it asap before coupon get expired* https://t.me/EnextUdemyCoupons â”â”â”â”â”â”â”â”â”â”â”â”â”â”â”â”â”â” *â– { 26 Jul Free Coupons Added } â–* *Coupons Link:-* https://e-next.in/e/udemycoupons.php  *#01* _AWS Services for Solutions Architect Associate_  *#02* _Step by Step Guide for Javascript_  *#03* _Machine Learning Real World projects in Python_  *#04* _Python Bootcamp 2021 Build 15 working Applications and Games_  *#05* _Drupal For Absolute Beginners_  *#06* _Complete WordPress Website Developer Course_  *#07* _Complete Machine Learning with R Studio â€“ ML for 2021_  *#08* _Learn How To Code: Googleâ€™s Go (golang) Programming Language_  *#09* _Complete JAVASCRIPT with HTML5,CSS3 from zero to Expert-2021_  *#10* _SEO - Strategy 2021. How to rank your website #1 in Google?_  *#11* _Zero to Hero in Microsoft Excel: Complete Excel guide 2021_  *#12* _Google BigQuery & PostgreSQL : Big Query for Data Analysis_  *#13* _Python Learn by Python Projects & Python Quizzes in 2021_  *#14* _SEO â€“ Strategy 2021. How to rank your website #1 in Google?_  *#15* _Anti-Money Laundering Concepts: AML, KYC and Compliance_  *#16* _2021 Beginnerâ€™s guide to Cyber Security_  *#17* _Git and GitHub For Beginners_  *#18* _Java Programming: Complete Beginner to Advanced_  *#19* _Certified Entry Level Python Programmer (PCEP) Exam Practice_  *#20* _Complete Angular Course: Beginner to Advanced_  *#21* _Introduction To SEO Based Content Writing_  *#22* _Create Ecommerce Website In WordPress_  *#23* _Learn Microsoft Publisher 2016 Complete Course for Beginners_  *#24* _Python Learn by Python Projects & Python Quizzes in 2021_  *#25* _Sustainable Development: Business Fundamentals_  *#26* _(July 2021) Economic Analysis of â€œSalesâ€ (Oxford Diploma)_  *#27* _Adobe Premiere Pro CC Video Editing Course Beginners To Pro_  *#28* _Personal Branding Path To Top 1% Influencer Personal Brand_  *#29* _English Grammar tenses & structures_  *#30* _How to Become a Cross-Cultural Trainer_  *#31* _Financial Statements Explained_  *#32* _Stock Photography : Beginnerâ€™s Guide_  *#33* _Public Speaking Skills: Give a Great Informational Speech_  *#34* _Corporate Finance Course_  *#35* _S Corporation Income Tax â€“ Form 1120S_  *#36* _QuickBooks Online as Bank Feeds & Credit Card Feeds_  *#37* _Find your Winning Business Idea- Learn from Ubers Pitch Deck_  *#38* _Learn How to Successfully Do Business With Japan_  *#39* _Law of Attraction: Wealth Manifestation_  *#40* _Recurring Income Mastery 2021_  *#41* _NFT for Dummies_  *#42* _Affiliate Networking Mastery 2021_  *#43* _Amazon Associates Mastery 2021_  *#44* _Audiobook Marketing Mastery 2021_  *#45* _Digital Products Mastery 2021_  *#46* _Side Hustle Mastery 2021_  *#47* _Instant Affiliate Mastery 2021_  *#48* _T-Shirt Business Mastery 2021_  *#49* _Product Launch Mastery 2021_  *#50* _Ecommerce Mastery 2021_  *#51* _Make Money Online: Mindset Training + Real-Life Examples_  *#52* _Panik Atak iÃ§in pratik Ã§Ã¶zÃ¼m_  *#53* _EMDR â€“ GÃ¶z Hareketleri ile DuyarsÄ±zlaÅŸtÄ±rma ve Yeniden Ä°ÅŸlem_  *#54* _MASTERCLASS: â€œInversiÃ³n en Fondos Mutuosâ€_  *#55* _Microsoft Power BI â€“ Curso de Power BI Desktop_  *#56* _Passives Einkommen fÃ¼r Jungunternehmer_  *#57* _Hikayelerle KonuÅŸturan EÄŸlenceli Ä°ngilizce_  *#58* _ØªØ¹Ù„Ù… Ù…Ø¹Ø§Ù„Ø¬ Ø§Ù„Ù†ØµÙˆØµ & Ø§Ù„Ø¹Ø±ÙˆØ¶ Ø§Ù„ØªÙ‚Ø¯ÙŠÙ…ÙŠØ© Ù…Ù† Ø§Ù„ØµÙØ± Ù„Ù„Ø£Ø­ØªØ±Ø§Ù_  *#59* _Python For Beginners Course In-Depth_  *#60* _Linux Command Line Terminal Basic for Beginners_  *#61* _PHP for Beginners: PDO Crash Course 2021_  *#62* _The Complete JavaScript Course 2021: From Zero to Expert!_  *#63* _AWS fundamentals quizz : prepare your certification!_  *#64* _Data Analytics A-Z with Python_  *#65* _MERN Stack with Blog Project_  *#66* _The Python Bibleâ„¢ | Everything You Need to Program in Python_  *#67* _Google Analytics For Beginners_  *#68* _Complete course of making 3D motion graphics in Cinema4D_  *#69* _Bitcoin For Beginners: How To Earn Bitcoin Online For Free_  *#70* _Copywriting: Make Money From Home WRITING WORDS_  *#71* _Learn Basics Of Adobe After Effects CC 2021 for Beginners_  *#72* _Learn Basics of Adobe Photoshop CC 2021 for Beginners_ â”â”â”â”â”â”â”â”â”â”â”â”â”â”â”â”â”â” _*Follow Link to Join My Telegram group:*_ https://t.me/EnextUdemyCoupons â”â”â”â”â”â”â”â”â”â”â”â”â”â”â”â”â”â” _Please pass on to those who wish to avail this course._"
https://lnkd.in/dUZFPhf,25/08/2021  14:37 ," https://lnkd.in/dUZFPhf  *Tutors needed* Location: Lagos (all locations close to you), Rivers State, Ogun, Oyo, FCT/Abuja etc  Skills/subject: Bead making, music, programming, data analytics, Physics, Mathematics, SQL, Chemistry, MS Excel etc.  Are you a fresh graduate or you know someone who is a fresh graduate and seeking a job opportunity? *You can make millions from this teaching offer (during your free times) once you build a nice profile and clients begin to trust you and get satisfaction from your work.*  *Link to register* ğŸ‘‰ https://lnkd.in/dUZFPhf"
https://lnkd.in/dUZFPhf,25/08/2021  14:37 ," https://lnkd.in/dUZFPhf  *Tutors needed* Location: Lagos (all locations close to you), Rivers State, Ogun, Oyo, FCT/Abuja etc  Skills/subject: Bead making, music, programming, data analytics, Physics, Mathematics, SQL, Chemistry, MS Excel etc.  Are you a fresh graduate or you know someone who is a fresh graduate and seeking a job opportunity? *You can make millions from this teaching offer (during your free times) once you build a nice profile and clients begin to trust you and get satisfaction from your work.*  *Link to register* ğŸ‘‰ https://lnkd.in/dUZFPhf"
https://www.datasciencenigeria.org/2021-bootcamp/,25/10/2021  08:39 ," *Less than 2 hours to #AIBootcamp2021 Kickoff!*  Join us today as we kick off  Africa's biggest AI Bootcamp! ğŸ‘©ğŸ½â€ğŸ’»ğŸ‘¨ğŸ½â€ğŸ’»  Here is the line-up for today: *10:00-11:30*	Opening Event: Welcome Address by Bayo Adekanmbi, Convener Data Science Nigeria and Welcome Keynote by Dr Uyi Stewart, Chairman, Data Science Nigeria *12:30-14:00*	Data Science for Human Resource/People Analytics by Dr Raphael Yemitan, PWC *14:30-16:00*	[Breakout] Data warehouse 101 by Damilola Ojo, Delta Partners, Dubai *14:30-16:00*	[Breakout] Customer Lifecycle Management through Data Analytics by Mr Anthony Obi, MTN Nigeria *16:30-18:00*	Big Picture Session: AI for Social and Business Growth in Africa by Prof. Ndubuisi Ekekwe, Lead Faculty, Tekedia Institute  Register now and join all the knowledge-packed sessions! *Click GENERAL SESSION here to register and join:* https://www.datasciencenigeria.org/2021-bootcamp/  #AI4Everyone"
https://c4b-integration.com/dwp,20/12/2021  21:47 , Google Scholarships -- UI/UX Data Analytics IT Automation. For everyone not just UK. Pick any region  https://c4b-integration.com/dwp
